{"cameraMode":{"drawMode":0,"name":"Shaded","section":"Shading Mode"},"sceneLighting":true,"audioPlay":false,"sceneViewState":{"showFog":true,"showMaterialUpdate":false,"showSkybox":true,"showFlares":true,"showImageEffects":true,"showParticleSystems":true},"in2DMode":false,"pivot":{"x":11.416202545166016,"y":-53.09227752685547,"z":-27.24445343017578},"rotation":{"x":0.12729854881763459,"y":-0.871627688407898,"z":0.3570746183395386,"w":0.3107389509677887},"size":68.85714721679688,"orthographic":false}